"�X�L���J�e�S��","�X�L�����ރR�[�h","�X�L������","�X�L�����ڃR�[�h","�X�L������"
"���\�h���W","S110010","�i�헪�j�@�s��@��̕]���ƑI��","S110010010","�r�W�l�X�����͎�@"
"���\�h���W","S110010","�i�헪�j�@�s��@��̕]���ƑI��","S110010020","�r�W�l�X�헪�ƖڕW�E�]��"
"���\�h���W","S110010","�i�헪�j�@�s��@��̕]���ƑI��","S110010030","�ƊE�����c���̎�@"
"���\�h���W","S110010","�i�헪�j�@�s��@��̕]���ƑI��","S110010040","�o�c�Ǘ��V�X�e��"
"���\�h���W","S110010","�i�헪�j�@�s��@��̕]���ƑI��","S110010050","�o�c�헪��@"
"���\�h���W","S110010","�i�헪�j�@�s��@��̕]���ƑI��","S110010060","�ŐV�Z�p�����c���̎�@"
"���\�h���W","S110010","�i�헪�j�@�s��@��̕]���ƑI��","S110010070","�s�꒲����@"
"���\�h���W","S110020","�i�헪�j�@�}�[�P�e�B���O","S110020010","�u�����h�E���i�헪��@"
"���\�h���W","S110020","�i�헪�j�@�}�[�P�e�B���O","S110020020","�}�[�P�b�g�R�~���j�P�[�V�����헪��@"
"���\�h���W","S110020","�i�헪�j�@�}�[�P�e�B���O","S110020030","�}�[�P�e�B���O�}�l�W�����g��@"
"���\�h���W","S110020","�i�헪�j�@�}�[�P�e�B���O","S110020040","�}�[�P�e�B���O���͎�@"
"���\�h���W","S110030","�i�헪�j�@���i�E�T�[�r�X�헪","S110030010","���i�헪��@"
"���\�h���W","S110030","�i�헪�j�@���i�E�T�[�r�X�헪","S110030020","�T�[�r�X�헪��@"
"���\�h���W","S110030","�i�헪�j�@���i�E�T�[�r�X�헪","S110030030","ITSM�헪��@"
"���\�h���W","S110030","�i�헪�j�@���i�E�T�[�r�X�헪","S110030040","�f�[�^�Z���^�헪��@"
"���\�h���W","S110040","�i�헪�j�@�̔��헪","S110040010","B2B�}�[�P�e�B���O�헪��@"
"���\�h���W","S110040","�i�헪�j�@�̔��헪","S110040020","�̔����s�헪��@"
"���\�h���W","S110040","�i�헪�j�@�̔��헪","S110040030","�̔��`���l���헪��@"
"���\�h���W","S110050","�i�헪�j�@���i�E�T�[�r�X�J���헪","S110050010","�ڋq�����͎�@"
"���\�h���W","S110050","�i�헪�j�@���i�E�T�[�r�X�J���헪","S110050020","���i�J���헪��@"
"���\�h���W","S110050","�i�헪�j�@���i�E�T�[�r�X�J���헪","S110050030","�Z�p�J���v��"
"���\�h���W","S110050","�i�헪�j�@���i�E�T�[�r�X�J���헪","S110050040","�Z�p�J���헪�̗���"
"���\�h���W","S110060","�i�헪�j�@�V�X�e���헪���Ď�@","S110060010","�V�X�e�����헪��@"
"���\�h���W","S110060","�i�헪�j�@�V�X�e���헪���Ď�@","S110060020","�V�X�e�����p���i�E�]��"
"���\�h���W","S110060","�i�헪�j�@�V�X�e���헪���Ď�@","S110060030","�\�����[�V�����r�W�l�X"
"���\�h���W","S110060","�i�헪�j�@�V�X�e���헪���Ď�@","S110060040","�Ɩ��v���Z�X"
"���\�h���W","S110060","�i�헪�j�@�V�X�e���헪���Ď�@","S110060050","���s�V�X�e���̒����E���͎�@"
"���\�h���W","S110060","�i�헪�j�@�V�X�e���헪���Ď�@","S110060060","���Ɛ헪�̔c���E���͂̎�@"
"���\�h���W","S110060","�i�헪�j�@�V�X�e���헪���Ď�@","S110060070","���V�X�e���헪"
"���\�h���W","S110060","�i�헪�j�@�V�X�e���헪���Ď�@","S110060080","�헪���͎�@"
"���\�h���W","S110070","�i�헪�j�@�R���T���e�B���O��@","S110070010","�R���T���e�B���O��@"
"���\�h���W","S110080","�i�헪�j�@�Ɩ������c����@","S110080010","�Ɩ������̔c����@"
"���\�h���W","S120010","�i���j�@�V�X�e����旧�Ď�@","S120010010","�V�X�e�����v��"
"���\�h���W","S120010","�i���j�@�V�X�e����旧�Ď�@","S120010020","�V�X�e����旧�Ď�@"
"���\�h���W","S120010","�i���j�@�V�X�e����旧�Ď�@","S120010030","�\�����[�V������Ď�@"
"���\�h���W","S120010","�i���j�@�V�X�e����旧�Ď�@","S120010040","�Z�p��������@"
"���\�h���W","S120010","�i���j�@�V�X�e����旧�Ď�@","S120010050","���B�v��E���{"
"���\�h���W","S120020","�i���j�@�Z�[���X�����Ǘ���@","S120020010","�Z�[���X����@"
"���\�h���W","S120020","�i���j�@�Z�[���X�����Ǘ���@","S120020020","�_�񎖖���@"
"���\�h���W","S120020","�i���j�@�Z�[���X�����Ǘ���@","S120020030","�o��������@"
"���\�h���W","S120030","�i���j�@�v�����͎�@","S120030010","�v���̒��o��@"
"���\�h���W","S120030","�i���j�@�v�����͎�@","S120030020","�v���̐�����@"
"���\�h���W","S120030","�i���j�@�v�����͎�@","S120030030","�v���̎d�l����@"
"���\�h���W","S120030","�i���j�@�v�����͎�@","S120030040","�v���̕]����@"
"���\�h���W","S120030","�i���j�@�v�����͎�@","S120030050","�v����`"
"���\�h���W","S120040","�i���j�@��@�\�v���݌v��@","S120040010","�v���b�g�t�H�[���v����`��@"
"���\�h���W","S120040","�i���j�@��@�\�v���݌v��@","S120040020","�V�X�e����Ղ̔�@�\�v���݌v"
"���\�h���W","S130010","�i�����j�@�A�[�L�e�N�`���݌v��@","S130010010","�A�[�L�e�N�`���݌v��@"
"���\�h���W","S130010","�i�����j�@�A�[�L�e�N�`���݌v��@","S130010020","�A�v���P�[�V�����A�[�L�e�N�`���݌v��@"
"���\�h���W","S130010","�i�����j�@�A�[�L�e�N�`���݌v��@","S130010030","�C���_�X�g���p�b�P�[�W�݌v�E�J����@"
"���\�h���W","S130010","�i�����j�@�A�[�L�e�N�`���݌v��@","S130010040","�C���t���X�g���N�`���A�[�L�e�N�`���݌v��@"
"���\�h���W","S130010","�i�����j�@�A�[�L�e�N�`���݌v��@","S130010050","�f�[�^�A�[�L�e�N�`���݌v��@"
"���\�h���W","S130020","�i�����j�@�\�t�g�E�F�A�G���W�j�A�����O��@","S130020010","�Z�L�����e�B������@"
"���\�h���W","S130020","�i�����j�@�\�t�g�E�F�A�G���W�j�A�����O��@","S130020020","�\�t�g�E�F�A�f�U�C����@"
"���\�h���W","S130020","�i�����j�@�\�t�g�E�F�A�G���W�j�A�����O��@","S130020030","�\�t�g�E�F�A�̃��f�����O��@"
"���\�h���W","S130020","�i�����j�@�\�t�g�E�F�A�G���W�j�A�����O��@","S130020040","�\�t�g�E�F�A�J����@"
"���\�h���W","S130020","�i�����j�@�\�t�g�E�F�A�G���W�j�A�����O��@","S130020050","�\�t�g�E�F�A�����@"
"���\�h���W","S130020","�i�����j�@�\�t�g�E�F�A�G���W�j�A�����O��@","S130020060","�\�t�g�E�F�A�݌v�̕\�L��@"
"���\�h���W","S130020","�i�����j�@�\�t�g�E�F�A�G���W�j�A�����O��@","S130020070","�J���v���Z�X�ݒ��@"
"���\�h���W","S130020","�i�����j�@�\�t�g�E�F�A�G���W�j�A�����O��@","S130020080","�J�����݌v��@"
"���\�h���W","S130020","�i�����j�@�\�t�g�E�F�A�G���W�j�A�����O��@","S130020090","�\�t�g�E�F�A�݌v��@"
"���\�h���W","S130020","�i�����j�@�\�t�g�E�F�A�G���W�j�A�����O��@","S130020100","�ێ�T�[�r�X�񋟎�@"
"���\�h���W","S130050","�i�����j�@�J�X�^�}�[�T�[�r�X��@","S130050010","�n�[�h�E�F�A������@"
"���\�h���W","S130050","�i�����j�@�J�X�^�}�[�T�[�r�X��@","S130050020","�\�t�g�E�F�A�����E�z�M��@"
"���\�h���W","S130050","�i�����j�@�J�X�^�}�[�T�[�r�X��@","S130050030","�\�h�ێ��@"
"���\�h���W","S130060","�i�����j�@�Ɩ��p�b�P�[�W���p��@","S130060010","�Ɩ��p�b�P�[�W�K�p��@"
"���\�h���W","S130060","�i�����j�@�Ɩ��p�b�P�[�W���p��@","S130060020","�Ɩ��p�b�P�[�W������@"
"���\�h���W","S130080","�i�����j�@�f�[�^�}�C�j���O��@","S130080010","�f�[�^���͎�@"
"���\�h���W","S130080","�i�����j�@�f�[�^�}�C�j���O��@","S130080020","�}�C�j���O���f����@"
"���\�h���W","S130080","�i�����j�@�f�[�^�}�C�j���O��@","S130080030","�e�L�X�g�}�C�j���O��@"
"���\�h���W","S130090","�i�����j�@���ς��@","S130090010","�K�͂̌��ώ�@"
"���\�h���W","S130090","�i�����j�@���ς��@","S130090020","�R�X�g�̌��ς��@"
"���\�h���W","S130100","�i�����j�@�v���W�F�N�g�}�l�W�����g��@","S130100010","�v���W�F�N�g�}�l�W�����g"
"���\�h���W","S130100","�i�����j�@�v���W�F�N�g�}�l�W�����g��@","S130100020","�v���W�F�N�g�����}�l�W�����g"
"���\�h���W","S130100","�i�����j�@�v���W�F�N�g�}�l�W�����g��@","S130100030","�v���W�F�N�g�R�X�g�}�l�W�����g"
"���\�h���W","S130100","�i�����j�@�v���W�F�N�g�}�l�W�����g��@","S130100040","�v���W�F�N�g�R�~���j�P�[�V�����}�l�W�����g"
"���\�h���W","S130100","�i�����j�@�v���W�F�N�g�}�l�W�����g��@","S130100050","�v���W�F�N�g�X�R�[�v�}�l�W�����g"
"���\�h���W","S130100","�i�����j�@�v���W�F�N�g�}�l�W�����g��@","S130100060","�v���W�F�N�g�X�e�[�N�z���_�}�l�W�����g"
"���\�h���W","S130100","�i�����j�@�v���W�F�N�g�}�l�W�����g��@","S130100070","�v���W�F�N�g�^�C���}�l�W�����g"
"���\�h���W","S130100","�i�����j�@�v���W�F�N�g�}�l�W�����g��@","S130100080","�v���W�F�N�g���X�N�}�l�W�����g"
"���\�h���W","S130100","�i�����j�@�v���W�F�N�g�}�l�W�����g��@","S130100090","�v���W�F�N�g�����}�l�W�����g"
"���\�h���W","S130100","�i�����j�@�v���W�F�N�g�}�l�W�����g��@","S130100100","�v���W�F�N�g���B�}�l�W�����g"
"���\�h���W","S130100","�i�����j�@�v���W�F�N�g�}�l�W�����g��@","S130100110","�v���W�F�N�g�i���}�l�W�����g"
"���\�h���W","S140010","�i�����p�j�@�T�[�r�X�}�l�W�����g","S140010010","�����T�[�r�X�}�l�W�����g��@"
"���\�h���W","S140010","�i�����p�j�@�T�[�r�X�}�l�W�����g","S140010020","�T�[�r�X���x���}�l�W�����g��@"
"���\�h���W","S140010","�i�����p�j�@�T�[�r�X�}�l�W�����g","S140010030","�ڋq�֌W�}�l�W�����g��@"
"���\�h���W","S140010","�i�����p�j�@�T�[�r�X�}�l�W�����g","S140010040","�p���I�T�[�r�X���P��@"
"���\�h���W","S140020","�i�����p�j�@�T�[�r�X�̐݌v�E�ڍs","S140020010","�T�[�r�X�̐݌v��@"
"���\�h���W","S140020","�i�����p�j�@�T�[�r�X�̐݌v�E�ڍs","S140020020","�T�[�r�X�ڍs��@"
"���\�h���W","S140030","�i�����p�j�@�T�[�r�X�}�l�W�����g�v���Z�X","S140030010","�T�[�r�X�񋟃v���Z�X���s��@"
"���\�h���W","S140030","�i�����p�j�@�T�[�r�X�}�l�W�����g�v���Z�X","S140030020","�����v���Z�X���s��@"
"���\�h���W","S140030","�i�����p�j�@�T�[�r�X�}�l�W�����g�v���Z�X","S140030030","�����I����v���Z�X���s��@"
"���\�h���W","S140030","�i�����p�j�@�T�[�r�X�}�l�W�����g�v���Z�X","S140030040","�֌W�v���Z�X���s��@"
"���\�h���W","S140040","�i�����p�j�@�T�[�r�X�̉^�p","S140040010","�T�[�r�X�̉^�p��@"
"���\�h���W","S140040","�i�����p�j�@�T�[�r�X�̉^�p","S140040020","�V�X�e���^�p�Ǘ���@"
"���\�h���W","S140040","�i�����p�j�@�T�[�r�X�̉^�p","S140040030","�i���b�W�Ǘ���@"
"���\�h���W","S140040","�i�����p�j�@�T�[�r�X�̉^�p","S140040040","�^�p�I�y���[�V������@"
"���\�h���W","S140040","�i�����p�j�@�T�[�r�X�̉^�p","S140040050","�^�p�x���c�[����@"
"���\�h���W","S140040","�i�����p�j�@�T�[�r�X�̉^�p","S140040060","�T�[�r�X�f�X�N�^�p��@"
"���\�h���W","S140040","�i�����p�j�@�T�[�r�X�̉^�p","S140040070","�X�^�b�t�B���O��@"
"���\�h���W","S150010","�i�x�������j�@�i���}�l�W�����g��@","S150010010","�e�X�g�Z�p�E��@"
"���\�h���W","S150010","�i�x�������j�@�i���}�l�W�����g��@","S150010020","�e�X�g�̃}�l�W�����g��@"
"���\�h���W","S150010","�i�x�������j�@�i���}�l�W�����g��@","S150010030","�i�����r���[��@"
"���\�h���W","S150010","�i�x�������j�@�i���}�l�W�����g��@","S150010040","�����̃}�l�W�����g��@"
"���\�h���W","S150010","�i�x�������j�@�i���}�l�W�����g��@","S150010050","�i���}�l�W�����g��@"
"���\�h���W","S150010","�i�x�������j�@�i���}�l�W�����g��@","S150010060","�i���Ɋւ����b"
"���\�h���W","S150010","�i�x�������j�@�i���}�l�W�����g��@","S150010070","�Z�L�����e�B�i���Ɋւ����@"
"���\�h���W","S150010","�i�x�������j�@�i���}�l�W�����g��@","S150010080","���[�U�r���e�B�i���Ɋւ����@"
"���\�h���W","S150010","�i�x�������j�@�i���}�l�W�����g��@","S150010090","�Z�[�t�e�B�i���Ɋւ����@"
"���\�h���W","S150010","�i�x�������j�@�i���}�l�W�����g��@","S150010100","�@�I�����E�@�I�ӔC�̃}�l�W�����g��@"
"���\�h���W","S150010","�i�x�������j�@�i���}�l�W�����g��@","S150010110","�i���v�����͎�@"
"���\�h���W","S150010","�i�x�������j�@�i���}�l�W�����g��@","S150010120","�i���}�l�W�����g�V�X�e���\�z��@"
"���\�h���W","S150010","�i�x�������j�@�i���}�l�W�����g��@","S150010130","�i�����P�Ɋւ����@"
"���\�h���W","S150010","�i�x�������j�@�i���}�l�W�����g��@","S150010140","�i���Ǘ��Ɋւ����@"
"���\�h���W","S150010","�i�x�������j�@�i���}�l�W�����g��@","S150010150","�i���v��Ɋւ����@"
"���\�h���W","S150010","�i�x�������j�@�i���}�l�W�����g��@","S150010160","�i���ۏ؂Ɋւ����@"
"���\�h���W","S150010","�i�x�������j�@�i���}�l�W�����g��@","S150010170","�i������E�]����@"
"���\�h���W","S150010","�i�x�������j�@�i���}�l�W�����g��@","S150010180","�i�����́E�]����@"
"���\�h���W","S150030","�i�x�������j�@���X�N�}�l�W�����g��@","S150030010","���X�N�Ǘ���@"
"���\�h���W","S150030","�i�x�������j�@���X�N�}�l�W�����g��@","S150030020","���Z�L�����e�B�Ǘ���@"
"���\�h���W","S150040","�i�x�������j�@IT�K�o�i���X","S150040010","IT�K�o�i���X��@"
"���\�h���W","S150040","�i�x�������j�@IT�K�o�i���X","S150040020","��������"
"���\�h���W","S150060","�i�x�������j�@���Y�Ǘ���@","S150060010","���Y�Ǘ��Ɋւ����@"
"���\�h���W","S150060","�i�x�������j�@���Y�Ǘ���@","S150060020","�m�I���Y�̊Ǘ����p��@"
"���\�h���W","S150070","�i�x�������j�@�t�@�V���e�B�}�l�W�����g��@","S150070010","�t�@�V���e�B�}�l�W�����g"
"���\�h���W","S150080","�i�x�������j�@���ƌp���v��","S150080010","BCP�����@"
"���\�h���W","S150080","�i�x�������j�@���ƌp���v��","S150080020","�ЊQ�΍�Ǘ���@"
"���\�h���W","S150090","�i�x�������j�@�V�X�e���č���@","S150090010","�V�X�e���č�"
"���\�h���W","S150100","�i�x�������j�@�W�����E�ė��p��@","S150100010","�\�t�g�E�F�A�J���v���Z�X�̕W������@"
"���\�h���W","S150100","�i�x�������j�@�W�����E�ė��p��@","S150100020","�\�t�g�E�F�A�G���W�j�A�����O�̕W������@"
"���\�h���W","S150110","�i�x�������j�@�l�ވ琬�E����E���C","S150110010","�l�ވ琬�Ǘ���@"
"���\�h���W","S150110","�i�x�������j�@�l�ވ琬�E����E���C","S150110020","�����@"
"���\�h���W","S150110","�i�x�������j�@�l�ވ琬�E����E���C","S150110030","����}�e���A���݌v�E�쐬��@"
"���\�h���W","S150110","�i�x�������j�@�l�ވ琬�E����E���C","S150110040","���C�̂��߂̍ŐV�@��ƃc�[��"
"���\�h���W","S150110","�i�x�������j�@�l�ވ琬�E����E���C","S150110050","���C�֘AIT�m��"
"���\�h���W","S150120","�i�x�������j�@���Z�L�����e�B","S150120010","���Z�L�����e�B�č��_���@"
"���\�h���W","S150120","�i�x�������j�@���Z�L�����e�B","S150120020","���Z�L�����e�B�č����{�v������@"
"���\�h���W","S150120","�i�x�������j�@���Z�L�����e�B","S150120030","���Z�L�����e�B�č����{��@"
"���\�h���W","S150120","�i�x�������j�@���Z�L�����e�B","S150120040","���Z�L�����e�B�č��ӌ��`����@"
"���\�h���W","S150120","�i�x�������j�@���Z�L�����e�B","S150120050","���X�N���͎�@"
"���\�h���W","S150120","�i�x�������j�@���Z�L�����e�B","S150120060","���Z�L�����e�B�|���V�[�����@"
"���\�h���W","S150130","�i�x�������j�@�`�F���W�}�l�W�����g��@","S150130010","�����̊Ǘ���@"
"���\�h���W","S150130","�i�x�������j�@�`�F���W�}�l�W�����g��@","S150130020","�r�W�l�X�\�����[�V�����ύX�Ǘ���@"
"���\�h���W","S150130","�i�x�������j�@�`�F���W�}�l�W�����g��@","S150130030","�\�����[�V�������l�����@"
"���\�h���W","S150130","�i�x�������j�@�`�F���W�}�l�W�����g��@","S150130040","�\�����[�V�����]����@"
"�e�N�m���W","S210010","�i�V�X�e���j�@�\�t�g�E�F�A�̊�b�Z�p","S210010010","�\�t�g�E�F�A�H�w"
"�e�N�m���W","S210010","�i�V�X�e���j�@�\�t�g�E�F�A�̊�b�Z�p","S210010020","�\�t�g�E�F�A�̕W����"
"�e�N�m���W","S210010","�i�V�X�e���j�@�\�t�g�E�F�A�̊�b�Z�p","S210010030","�\�t�g�E�F�A�G���W�j�A�����O�c�[���E�J���Z�p"
"�e�N�m���W","S210010","�i�V�X�e���j�@�\�t�g�E�F�A�̊�b�Z�p","S210010040","�\�t�g�E�F�A�\�z�̊�b�m��"
"�e�N�m���W","S210010","�i�V�X�e���j�@�\�t�g�E�F�A�̊�b�Z�p","S210010050","�\�t�g�E�F�A�݌v�̊�b�m��"
"�e�N�m���W","S210010","�i�V�X�e���j�@�\�t�g�E�F�A�̊�b�Z�p","S210010060","�v���O���~���O��b�Z�p"
"�e�N�m���W","S210010","�i�V�X�e���j�@�\�t�g�E�F�A�̊�b�Z�p","S210010070","�v���O���~���O"
"�e�N�m���W","S210010","�i�V�X�e���j�@�\�t�g�E�F�A�̊�b�Z�p","S210010080","�v���O��������"
"�e�N�m���W","S210010","�i�V�X�e���j�@�\�t�g�E�F�A�̊�b�Z�p","S210010090","���̑��̌���"
"�e�N�m���W","S210010","�i�V�X�e���j�@�\�t�g�E�F�A�̊�b�Z�p","S210010100","�I�[�v���\�[�X�\�t�g�E�F�A"
"�e�N�m���W","S210010","�i�V�X�e���j�@�\�t�g�E�F�A�̊�b�Z�p","S210010110","�e�X�e�B���O"
"�e�N�m���W","S210010","�i�V�X�e���j�@�\�t�g�E�F�A�̊�b�Z�p","S210010120","�\�t�g�E�F�A�i��"
"�e�N�m���W","S210020","�i�V�X�e���j�@�\�t�g�E�F�A�̍\�z�Z�p","S210020010","�V�X�e���J���̊T�O�ƕ��@�_"
"�e�N�m���W","S210020","�i�V�X�e���j�@�\�t�g�E�F�A�̍\�z�Z�p","S210020020","�V�X�e���J���̃A�v���[�`"
"�e�N�m���W","S210020","�i�V�X�e���j�@�\�t�g�E�F�A�̍\�z�Z�p","S210020030","�\�t�g�E�F�A�v����`"
"�e�N�m���W","S210020","�i�V�X�e���j�@�\�t�g�E�F�A�̍\�z�Z�p","S210020040","�\�t�g�E�F�A�����݌v�E�\�t�g�E�F�A�ڍא݌v"
"�e�N�m���W","S210020","�i�V�X�e���j�@�\�t�g�E�F�A�̍\�z�Z�p","S210020050","�A�v���P�[�V���������݌v��@"
"�e�N�m���W","S210020","�i�V�X�e���j�@�\�t�g�E�F�A�̍\�z�Z�p","S210020060","�A�v���P�[�V�����݌v"
"�e�N�m���W","S210020","�i�V�X�e���j�@�\�t�g�E�F�A�̍\�z�Z�p","S210020070","���A���^�C���V�X�e���݌v"
"�e�N�m���W","S210020","�i�V�X�e���j�@�\�t�g�E�F�A�̍\�z�Z�p","S210020080","�\�t�g�E�F�A�J���̃t�H�[���g�g�������X"
"�e�N�m���W","S210020","�i�V�X�e���j�@�\�t�g�E�F�A�̍\�z�Z�p","S210020090","�\�t�g�E�F�A�\�z"
"�e�N�m���W","S210020","�i�V�X�e���j�@�\�t�g�E�F�A�̍\�z�Z�p","S210020100","�\�t�g�E�F�A�����E�\�t�g�E�F�A�K�i���m�F�e�X�g"
"�e�N�m���W","S210020","�i�V�X�e���j�@�\�t�g�E�F�A�̍\�z�Z�p","S210020110","�����x��"
"�e�N�m���W","S210020","�i�V�X�e���j�@�\�t�g�E�F�A�̍\�z�Z�p","S210020120","�J���c�[��"
"�e�N�m���W","S210020","�i�V�X�e���j�@�\�t�g�E�F�A�̍\�z�Z�p","S210020130","�ė��p�̂��߂̍\�z"
"�e�N�m���W","S210020","�i�V�X�e���j�@�\�t�g�E�F�A�̍\�z�Z�p","S210020140","�\�z�i��"
"�e�N�m���W","S210020","�i�V�X�e���j�@�\�t�g�E�F�A�̍\�z�Z�p","S210020150","�e�X�e�B���O�c�[��"
"�e�N�m���W","S210020","�i�V�X�e���j�@�\�t�g�E�F�A�̍\�z�Z�p","S210020160","�Z�L���A�v���O���~���O�Z�@"
"�e�N�m���W","S210020","�i�V�X�e���j�@�\�t�g�E�F�A�̍\�z�Z�p","S210020170","�Z�L���A�v���O���~���O�Z�@�i�f�[�^�x�[�X�j"
"�e�N�m���W","S210030","�i�V�X�e���j�@�\�t�g�E�F�A�̗��p�Z�p","S210030010","�A�v���P�[�V�����v��"
"�e�N�m���W","S210030","�i�V�X�e���j�@�\�t�g�E�F�A�̗��p�Z�p","S210030020","�����\�t�g�E�F�A�̔c���Z�@"
"�e�N�m���W","S210030","�i�V�X�e���j�@�\�t�g�E�F�A�̗��p�Z�p","S210030030","�\�t�g�E�F�A�̐i����ێ�"
"�e�N�m���W","S210030","�i�V�X�e���j�@�\�t�g�E�F�A�̗��p�Z�p","S210030040","�Ɩ��p�b�P�[�W�ŐV����"
"�e�N�m���W","S210030","�i�V�X�e���j�@�\�t�g�E�F�A�̗��p�Z�p","S210030050","�C���e���W�F���g�V�X�e��"
"�e�N�m���W","S210040","�i�V�X�e���j�@Web�V�X�e���̊�b�Z�p","S210040010","Web�V�X�e���Ƃ��̋Z�p"
"�e�N�m���W","S210040","�i�V�X�e���j�@Web�V�X�e���̊�b�Z�p","S210040020","�T�[�o�Z�p"
"�e�N�m���W","S210040","�i�V�X�e���j�@Web�V�X�e���̊�b�Z�p","S210040030","�C���^�[�l�b�g�A�v���P�[�V������ՋZ�p"
"�e�N�m���W","S210040","�i�V�X�e���j�@Web�V�X�e���̊�b�Z�p","S210040040","�A�v���P�[�V�����T�[�r�X"
"�e�N�m���W","S210040","�i�V�X�e���j�@Web�V�X�e���̊�b�Z�p","S210040050","�A�v���P�[�V�������s����"
"�e�N�m���W","S210050","�i�V�X�e���j�@Web�V�X�e���̍\�z�Z�p","S210050010","Web�A�v���P�[�V�����Z�p"
"�e�N�m���W","S210050","�i�V�X�e���j�@Web�V�X�e���̍\�z�Z�p","S210050020","���U�R���s���[�e�B���O�J����"
"�e�N�m���W","S210060","�i�V�X�e���j�@Web�V�X�e���̗��p�Z�p","S210060010","e-�r�W�l�X"
"�e�N�m���W","S210070","�i�V�X�e���j�@�f�[�^�x�[�X�̊�b�Z�p","S210070010","�f�[�^�x�[�X"
"�e�N�m���W","S210070","�i�V�X�e���j�@�f�[�^�x�[�X�̊�b�Z�p","S210070020","�����[�V���i�����f��"
"�e�N�m���W","S210070","�i�V�X�e���j�@�f�[�^�x�[�X�̊�b�Z�p","S210070030","�f�[�^�x�[�X����"
"�e�N�m���W","S210070","�i�V�X�e���j�@�f�[�^�x�[�X�̊�b�Z�p","S210070040","�f�[�^����"
"�e�N�m���W","S210070","�i�V�X�e���j�@�f�[�^�x�[�X�̊�b�Z�p","S210070050","�g�����U�N�V��������"
"�e�N�m���W","S210070","�i�V�X�e���j�@�f�[�^�x�[�X�̊�b�Z�p","S210070060","SQL"
"�e�N�m���W","S210070","�i�V�X�e���j�@�f�[�^�x�[�X�̊�b�Z�p","S210070070","���Ǘ�"
"�e�N�m���W","S210080","�i�V�X�e���j�@�f�[�^�x�[�X�̍\�z�Z�p","S210080010","�f�[�^�x�[�X�̗v����`"
"�e�N�m���W","S210080","�i�V�X�e���j�@�f�[�^�x�[�X�̍\�z�Z�p","S210080020","�f�[�^�x�[�X�݌v"
"�e�N�m���W","S210080","�i�V�X�e���j�@�f�[�^�x�[�X�̍\�z�Z�p","S210080030","�f�[�^�x�[�X�}�l�W�����g�V�X�e���iDBMS�j�̑I��E����"
"�e�N�m���W","S210080","�i�V�X�e���j�@�f�[�^�x�[�X�̍\�z�Z�p","S210080040","�f�[�^�x�[�X�V�X�e���̎󂯓���"
"�e�N�m���W","S210080","�i�V�X�e���j�@�f�[�^�x�[�X�̍\�z�Z�p","S210080050","�f�[�^�x�[�X�}�l�W�����g�V�X�e���iDBMS�j�ւ̎����ƃe�X�g"
"�e�N�m���W","S210080","�i�V�X�e���j�@�f�[�^�x�[�X�̍\�z�Z�p","S210080060","�f�[�^�x�[�X�J���ɂ�����d�v�Z�p"
"�e�N�m���W","S210090","�i�V�X�e���j�@�f�[�^�x�[�X�̗��p�Z�p","S210090010","�f�[�^�̃I�y���[�V�����Ǘ��Z�p"
"�e�N�m���W","S210090","�i�V�X�e���j�@�f�[�^�x�[�X�̗��p�Z�p","S210090020","�f�[�^�̃Z�L�����e�B�Ǘ��Z�p"
"�e�N�m���W","S210090","�i�V�X�e���j�@�f�[�^�x�[�X�̗��p�Z�p","S210090030","�f�[�^�x�[�X�V�X�e���Ǘ�"
"�e�N�m���W","S210090","�i�V�X�e���j�@�f�[�^�x�[�X�̗��p�Z�p","S210090040","�f�[�^�x�[�X�^�p�Z�p"
"�e�N�m���W","S210090","�i�V�X�e���j�@�f�[�^�x�[�X�̗��p�Z�p","S210090050","�f�[�^�x�[�X�^�p�݌v"
"�e�N�m���W","S210090","�i�V�X�e���j�@�f�[�^�x�[�X�̗��p�Z�p","S210090060","�f�[�^�A�N�Z�X�T�[�r�X�݌v�Z�p"
"�e�N�m���W","S210090","�i�V�X�e���j�@�f�[�^�x�[�X�̗��p�Z�p","S210090070","�f�[�^�N�I���e�B�Ǘ��Z�p"
"�e�N�m���W","S210090","�i�V�X�e���j�@�f�[�^�x�[�X�̗��p�Z�p","S210090080","�f�[�^�Ə��̊Ǘ�"
"�e�N�m���W","S210090","�i�V�X�e���j�@�f�[�^�x�[�X�̗��p�Z�p","S210090090","�f�[�^�x�[�X���p"
"�e�N�m���W","S210090","�i�V�X�e���j�@�f�[�^�x�[�X�̗��p�Z�p","S210090100","�f�[�^�x�[�X�֘A���i�̗��p�Z�p"
"�e�N�m���W","S210090","�i�V�X�e���j�@�f�[�^�x�[�X�̗��p�Z�p","S210090110","�f�[�^�x�[�X�̎��ӋZ�p"
"�e�N�m���W","S210090","�i�V�X�e���j�@�f�[�^�x�[�X�̗��p�Z�p","S210090120","�f�[�^�x�[�X�f�f�Z�p�ƃ`���[�j���O�Z�p"
"�e�N�m���W","S210090","�i�V�X�e���j�@�f�[�^�x�[�X�̗��p�Z�p","S210090130","�f�[�^�ڍs"
"�e�N�m���W","S210090","�i�V�X�e���j�@�f�[�^�x�[�X�̗��p�Z�p","S210090140","�f�[�^�ڍs�݌v"
"�e�N�m���W","S210090","�i�V�X�e���j�@�f�[�^�x�[�X�̗��p�Z�p","S210090150","�f�[�^�����T�[�r�X�݌v�Z�p"
"�e�N�m���W","S210090","�i�V�X�e���j�@�f�[�^�x�[�X�̗��p�Z�p","S210090160","�}�X�^�f�[�^�Ǘ��Z�p"
"�e�N�m���W","S210090","�i�V�X�e���j�@�f�[�^�x�[�X�̗��p�Z�p","S210090170","�h�L�������g�ƃR���e���c�Ǘ��Z�p"
"�e�N�m���W","S210090","�i�V�X�e���j�@�f�[�^�x�[�X�̗��p�Z�p","S210090180","��񐻕i�̐݌v�Z�p"
"�e�N�m���W","S210090","�i�V�X�e���j�@�f�[�^�x�[�X�̗��p�Z�p","S210090190","�f�[�^�Ɖ�E���H�E�N�����W���O�Z�p"
"�e�N�m���W","S210090","�i�V�X�e���j�@�f�[�^�x�[�X�̗��p�Z�p","S210090200","�f�[�^�}�C�j���O�c�[���̗��p�Z�p"
"�e�N�m���W","S210100","�i�V�X�e���j�@�v���b�g�t�H�[���̊�b�Z�p","S210100010","�I�y���[�e�B���O�V�X�e��"
"�e�N�m���W","S210100","�i�V�X�e���j�@�v���b�g�t�H�[���̊�b�Z�p","S210100020","�~�h���E�F�A"
"�e�N�m���W","S210100","�i�V�X�e���j�@�v���b�g�t�H�[���̊�b�Z�p","S210100030","�v���b�g�t�H�[���Z�p"
"�e�N�m���W","S210110","�i�V�X�e���j�@�v���b�g�t�H�[���̍\�z�Z�p","S210110010","IT�A�[�L�e�N�`���i�\�t�g�E�F�A�j"
"�e�N�m���W","S210110","�i�V�X�e���j�@�v���b�g�t�H�[���̍\�z�Z�p","S210110020","�v���b�g�t�H�[�������Z�p"
"�e�N�m���W","S210110","�i�V�X�e���j�@�v���b�g�t�H�[���̍\�z�Z�p","S210110030","���ʊ�ՂƂ��Ẵv���b�g�t�H�[���݌v�\�z"
"�e�N�m���W","S210120","�i�V�X�e���j�@�v���b�g�t�H�[���̗��p�Z�p","S210120010","�V�X�e���v���b�g�t�H�[���̎󂯓���"
"�e�N�m���W","S210120","�i�V�X�e���j�@�v���b�g�t�H�[���̗��p�Z�p","S210120020","�V�X�e���f�f�Z�p�Ə�Q�΍�Z�p"
"�e�N�m���W","S210120","�i�V�X�e���j�@�v���b�g�t�H�[���̗��p�Z�p","S210120030","�v���b�g�t�H�[���V�X�e���Ǘ�"
"�e�N�m���W","S210120","�i�V�X�e���j�@�v���b�g�t�H�[���̗��p�Z�p","S210120040","���i�m���i�v���b�g�t�H�[���j"
"�e�N�m���W","S210130","�i�V�X�e���j�@�n�[�h�E�F�A�̊�b�Z�p","S210130010","�n�[�h�E�F�A"
"�e�N�m���W","S210130","�i�V�X�e���j�@�n�[�h�E�F�A�̊�b�Z�p","S210130020","���i�m����b"
"�e�N�m���W","S210140","�i�V�X�e���j�@�n�[�h�E�F�A�̍\�z�Z�p","S210140010","IT�A�[�L�e�N�`���i�n�[�h�E�F�A�j"
"�e�N�m���W","S210140","�i�V�X�e���j�@�n�[�h�E�F�A�̍\�z�Z�p","S210140020","VLSI�̐݌v����ѐ���"
"�e�N�m���W","S210150","�i�V�X�e���j�@�n�[�h�E�F�A�̗��p�Z�p","S210150010","�T�[�o�z�u��@"
"�e�N�m���W","S210150","�i�V�X�e���j�@�n�[�h�E�F�A�̗��p�Z�p","S210150020","�X�g���[�W�Z�p"
"�e�N�m���W","S210160","�i�V�X�e���j�@�l�b�g���[�N�̊�b�Z�p","S210160010","�l�b�g���[�N"
"�e�N�m���W","S210160","�i�V�X�e���j�@�l�b�g���[�N�̊�b�Z�p","S210160020","�l�b�g���[�N�R���s���[�e�B���O"
"�e�N�m���W","S210160","�i�V�X�e���j�@�l�b�g���[�N�̊�b�Z�p","S210160030","�l�b�g���[�N�V�X�e���̋Z�p����"
"�e�N�m���W","S210160","�i�V�X�e���j�@�l�b�g���[�N�̊�b�Z�p","S210160040","�l�b�g���[�N�W��"
"�e�N�m���W","S210160","�i�V�X�e���j�@�l�b�g���[�N�̊�b�Z�p","S210160050","�l�b�g���[�N����"
"�e�N�m���W","S210160","�i�V�X�e���j�@�l�b�g���[�N�̊�b�Z�p","S210160060","�ʐM�v���g�R��"
"�e�N�m���W","S210160","�i�V�X�e���j�@�l�b�g���[�N�̊�b�Z�p","S210160070","�f�[�^�ʐM�Ɛ���"
"�e�N�m���W","S210170","�i�V�X�e���j�@�l�b�g���[�N�̍\�z�Z�p","S210170010","�l�b�g���[�N�V�X�e���̗v����`"
"�e�N�m���W","S210170","�i�V�X�e���j�@�l�b�g���[�N�̍\�z�Z�p","S210170020","�l�b�g���[�N�݌v"
"�e�N�m���W","S210170","�i�V�X�e���j�@�l�b�g���[�N�̍\�z�Z�p","S210170030","�l�b�g���[�N�V�X�e���̎����Z�p"
"�e�N�m���W","S210170","�i�V�X�e���j�@�l�b�g���[�N�̍\�z�Z�p","S210170040","�l�b�g���[�N�V�X�e���̓����ƈڍs"
"�e�N�m���W","S210170","�i�V�X�e���j�@�l�b�g���[�N�̍\�z�Z�p","S210170050","�l�b�g���[�N�V�X�e���̎󂯓���"
"�e�N�m���W","S210170","�i�V�X�e���j�@�l�b�g���[�N�̍\�z�Z�p","S210170060","�l�b�g���[�N�V�X�e���̉^�p�E�ێ�E�Ǘ�"
"�e�N�m���W","S210180","�i�V�X�e���j�@�l�b�g���[�N�̗��p�Z�p","S210180010","�l�b�g���[�N�Ǘ�"
"�e�N�m���W","S210180","�i�V�X�e���j�@�l�b�g���[�N�̗��p�Z�p","S210180020","�l�b�g���[�N���p"
"�e�N�m���W","S210180","�i�V�X�e���j�@�l�b�g���[�N�̗��p�Z�p","S210180030","�l�b�g���[�N���i�m��"
"�e�N�m���W","S210180","�i�V�X�e���j�@�l�b�g���[�N�̗��p�Z�p","S210180040","�ƊE�ŗL�̃Z�L�����e�B�v���A����"
"�e�N�m���W","S210180","�i�V�X�e���j�@�l�b�g���[�N�̗��p�Z�p","S210180050","�l�b�g���[�N�V�X�e���̕]��"
"�e�N�m���W","S210180","�i�V�X�e���j�@�l�b�g���[�N�̗��p�Z�p","S210180060","�e���R�~���j�P�[�V����"
"�e�N�m���W","S210190","�i�V�X�e���j�@�N���E�h�R���s���[�e�B���O�̊�b�Z�p","S210190010","�N���E�h�R���s���[�e�B���O��b"
"�e�N�m���W","S210200","�i�V�X�e���j�@�N���E�h�R���s���[�e�B���O�̍\�z�Z�p","S210200010","�N���E�h�f�[�^�x�[�X�Z�p"
"�e�N�m���W","S210200","�i�V�X�e���j�@�N���E�h�R���s���[�e�B���O�̍\�z�Z�p","S210200020","�N���E�h�\�z�Z�p"
"�e�N�m���W","S210200","�i�V�X�e���j�@�N���E�h�R���s���[�e�B���O�̍\�z�Z�p","S210200030","�N���E�h�A�v���P�[�V���������Z�p"
"�e�N�m���W","S210200","�i�V�X�e���j�@�N���E�h�R���s���[�e�B���O�̍\�z�Z�p","S210200040","���z�}�V���Q�X�g�̃Z�L�����e�B"
"�e�N�m���W","S210210","�i�V�X�e���j�@�N���E�h�R���s���[�e�B���O�̗��p�Z�p","S210210010","�C���^�[�N���E�h�Z�p"
"�e�N�m���W","S210210","�i�V�X�e���j�@�N���E�h�R���s���[�e�B���O�̗��p�Z�p","S210210020","�N���E�h�R���s���[�e�B���O���p"
"�e�N�m���W","S210210","�i�V�X�e���j�@�N���E�h�R���s���[�e�B���O�̗��p�Z�p","S210210030","�N���E�h�V�X�e���̊Ď��Z�p"
"�e�N�m���W","S220010","�i�J���j�@�V�X�e���A�[�L�e�N�e�B���O�Z�p","S220010010","�V�X�e���v����`"
"�e�N�m���W","S220010","�i�J���j�@�V�X�e���A�[�L�e�N�e�B���O�Z�p","S220010020","�V�X�e���C���e�O���[�V�����ƃA�[�L�e�N�`��"
"�e�N�m���W","S220010","�i�J���j�@�V�X�e���A�[�L�e�N�e�B���O�Z�p","S220010030","�A�v���P�[�V�������ʊ�՗v����`��@"
"�e�N�m���W","S220010","�i�J���j�@�V�X�e���A�[�L�e�N�e�B���O�Z�p","S220010040","�A�v���P�[�V�������ʊ�Ր݌v��@"
"�e�N�m���W","S220010","�i�J���j�@�V�X�e���A�[�L�e�N�e�B���O�Z�p","S220010050","IT��Ս\�z�v���Z�X"
"�e�N�m���W","S220010","�i�J���j�@�V�X�e���A�[�L�e�N�e�B���O�Z�p","S220010060","�V�X�e���ԘA�g�Z�p"
"�e�N�m���W","S220010","�i�J���j�@�V�X�e���A�[�L�e�N�e�B���O�Z�p","S220010070","�V�X�e�������݌v"
"�e�N�m���W","S220010","�i�J���j�@�V�X�e���A�[�L�e�N�e�B���O�Z�p","S220010080","�V�X�e�������E�V�X�e���K�i���m�F�e�X�g"
"�e�N�m���W","S220010","�i�J���j�@�V�X�e���A�[�L�e�N�e�B���O�Z�p","S220010090","����"
"�e�N�m���W","S220010","�i�J���j�@�V�X�e���A�[�L�e�N�e�B���O�Z�p","S220010100","�I�u�W�F�N�g�w���Z�p"
"�e�N�m���W","S220010","�i�J���j�@�V�X�e���A�[�L�e�N�e�B���O�Z�p","S220010110","�t�@�C���V�X�e��"
"�e�N�m���W","S220010","�i�J���j�@�V�X�e���A�[�L�e�N�e�B���O�Z�p","S220010120","�t���[�����[�N�v�f�Z�p"
"�e�N�m���W","S220010","�i�J���j�@�V�X�e���A�[�L�e�N�e�B���O�Z�p","S220010130","���K�V�[�}�C�O���[�V�����Z�p"
"�e�N�m���W","S220020","�i�J���j�@�V�X�e���J���Ǘ��Z�p","S220020010","�J���v���Z�X�E��@"
"�e�N�m���W","S220020","�i�J���j�@�V�X�e���J���Ǘ��Z�p","S220020020","�J�����Ǘ�"
"�e�N�m���W","S220020","�i�J���j�@�V�X�e���J���Ǘ��Z�p","S220020030","�m�I���Y�K�p�Ǘ�"
"�e�N�m���W","S220020","�i�J���j�@�V�X�e���J���Ǘ��Z�p","S220020040","�\���Ǘ��E�ύX�Ǘ�"
"�e�N�m���W","S230010","�i�ێ�E�^�p�j�@IT�T�[�r�X�}�l�W�����g�Ɩ��Ǘ��Z�p","S230010010","IT�T�[�r�X�}�l�W�����g�̋Ɩ��t���[����"
"�e�N�m���W","S230010","�i�ێ�E�^�p�j�@IT�T�[�r�X�}�l�W�����g�Ɩ��Ǘ��Z�p","S230010020","�^�p�Ɩ��Ǘ��V�X�e���̉^�p�Ǘ�"
"�e�N�m���W","S230010","�i�ێ�E�^�p�j�@IT�T�[�r�X�}�l�W�����g�Ɩ��Ǘ��Z�p","S230010030","�^�p�Ɩ��Ǘ��V�X�e���̓����E�ݒ�"
"�e�N�m���W","S230020","�i�ێ�E�^�p�j�@IT�T�[�r�X�I�y���[�V�����Z�p","S230020010","�T�[�r�X�f���o��"
"�e�N�m���W","S230020","�i�ێ�E�^�p�j�@IT�T�[�r�X�I�y���[�V�����Z�p","S230020020","�Ɩ��V�X�e���I�y���[�V����"
"�e�N�m���W","S230020","�i�ێ�E�^�p�j�@IT�T�[�r�X�I�y���[�V�����Z�p","S230020030","�V�X�e���^�p�i�I�y���[�V�����j"
"�e�N�m���W","S230020","�i�ێ�E�^�p�j�@IT�T�[�r�X�I�y���[�V�����Z�p","S230020040","�W���u�X�P�W���[��"
"�e�N�m���W","S230020","�i�ێ�E�^�p�j�@IT�T�[�r�X�I�y���[�V�����Z�p","S230020050","��Q�Ǘ�"
"�e�N�m���W","S230020","�i�ێ�E�^�p�j�@IT�T�[�r�X�I�y���[�V�����Z�p","S230020060","���[�f���o��"
"�e�N�m���W","S230020","�i�ێ�E�^�p�j�@IT�T�[�r�X�I�y���[�V�����Z�p","S230020070","�}�̊Ǘ�"
"�e�N�m���W","S230020","�i�ێ�E�^�p�j�@IT�T�[�r�X�I�y���[�V�����Z�p","S230020080","�V�X�e���̊Ď�"
"�e�N�m���W","S230020","�i�ێ�E�^�p�j�@IT�T�[�r�X�I�y���[�V�����Z�p","S230020090","�ғ��󋵊Ǘ�"
"�e�N�m���W","S230030","�i�ێ�E�^�p�j�@�V�X�e���ێ�E�^�p�E�]��","S230030010","�ڍs�݌v"
"�e�N�m���W","S230030","�i�ێ�E�^�p�j�@�V�X�e���ێ�E�^�p�E�]��","S230030020","�ڍs"
"�e�N�m���W","S230030","�i�ێ�E�^�p�j�@�V�X�e���ێ�E�^�p�E�]��","S230030030","�v���b�g�t�H�[���ڍs�݌v"
"�e�N�m���W","S230030","�i�ێ�E�^�p�j�@�V�X�e���ێ�E�^�p�E�]��","S230030040","�v���b�g�t�H�[���ڍs"
"�e�N�m���W","S230030","�i�ێ�E�^�p�j�@�V�X�e���ێ�E�^�p�E�]��","S230030050","�A�v���P�[�V�����V�X�e���̎󂯓���"
"�e�N�m���W","S230030","�i�ێ�E�^�p�j�@�V�X�e���ێ�E�^�p�E�]��","S230030060","�V�X�e���^�p�Ǘ��v����`"
"�e�N�m���W","S230030","�i�ێ�E�^�p�j�@�V�X�e���ێ�E�^�p�E�]��","S230030070","�V�X�e���^�p�Ǘ��݌v"
"�e�N�m���W","S230030","�i�ێ�E�^�p�j�@�V�X�e���ێ�E�^�p�E�]��","S230030080","�V�X�e���^�p�����Z�@"
"�e�N�m���W","S230030","�i�ێ�E�^�p�j�@�V�X�e���ێ�E�^�p�E�]��","S230030090","�V�X�e���̓����]���Z�@"
"�e�N�m���W","S230030","�i�ێ�E�^�p�j�@�V�X�e���ێ�E�^�p�E�]��","S230030100","�V�X�e���Ǘ��v��"
"�e�N�m���W","S230030","�i�ێ�E�^�p�j�@�V�X�e���ێ�E�^�p�E�]��","S230030110","�V�X�e���Ǘ��Z�p"
"�e�N�m���W","S230030","�i�ێ�E�^�p�j�@�V�X�e���ێ�E�^�p�E�]��","S230030120","�V�X�e���ێ�"
"�e�N�m���W","S230030","�i�ێ�E�^�p�j�@�V�X�e���ێ�E�^�p�E�]��","S230030130","�^�s�Ǘ�"
"�e�N�m���W","S230030","�i�ێ�E�^�p�j�@�V�X�e���ێ�E�^�p�E�]��","S230030140","�V�X�e���Ǘ����i"
"�e�N�m���W","S230030","�i�ێ�E�^�p�j�@�V�X�e���ێ�E�^�p�E�]��","S230030150","�^�p�Ǘ��\�t�g���i"
"�e�N�m���W","S230030","�i�ێ�E�^�p�j�@�V�X�e���ێ�E�^�p�E�]��","S230030160","�^�p�V�X�e���̍\�z"
"�e�N�m���W","S230030","�i�ێ�E�^�p�j�@�V�X�e���ێ�E�^�p�E�]��","S230030170","�^�p�V�X�e���̉��P"
"�e�N�m���W","S230030","�i�ێ�E�^�p�j�@�V�X�e���ێ�E�^�p�E�]��","S230030180","�^�p�Ɋւ���V�X�e���]��"
"�e�N�m���W","S230030","�i�ێ�E�^�p�j�@�V�X�e���ێ�E�^�p�E�]��","S230030190","���\�Ǘ�"
"�e�N�m���W","S230030","�i�ێ�E�^�p�j�@�V�X�e���ێ�E�^�p�E�]��","S230030200","��Q���^�p����"
"�e�N�m���W","S230030","�i�ێ�E�^�p�j�@�V�X�e���ێ�E�^�p�E�]��","S230030210","�ЊQ�΍�"
"�e�N�m���W","S230030","�i�ێ�E�^�p�j�@�V�X�e���ێ�E�^�p�E�]��","S230030220","�\���Ǘ�"
"�e�N�m���W","S230030","�i�ێ�E�^�p�j�@�V�X�e���ێ�E�^�p�E�]��","S230030230","�ێ�Z�p"
"�e�N�m���W","S230030","�i�ێ�E�^�p�j�@�V�X�e���ێ�E�^�p�E�]��","S230030240","�����e�i���X"
"�e�N�m���W","S230030","�i�ێ�E�^�p�j�@�V�X�e���ێ�E�^�p�E�]��","S230030250","�ێ�E�p��"
"�e�N�m���W","S230040","�i�ێ�E�^�p�j�@��Q�C���Z�p","S230040010","��Q�󋵔c���E��������"
"�e�N�m���W","S230040","�i�ێ�E�^�p�j�@��Q�C���Z�p","S230040020","��Q�R�[����t"
"�e�N�m���W","S230040","�i�ێ�E�^�p�j�@��Q�C���Z�p","S230040030","���u�E�C����Ƃ̎��H�E���쌟��"
"�e�N�m���W","S230050","�i�ێ�E�^�p�j�@�{�H�����Z�p","S230050010","�{�H������@"
"�e�N�m���W","S230050","�i�ێ�E�^�p�j�@�{�H�����Z�p","S230050020","�H���E���S�E���Ǘ�"
"�e�N�m���W","S230050","�i�ێ�E�^�p�j�@�{�H�����Z�p","S230050030","�t�@�V���e�B�֘A�H��"
"�e�N�m���W","S230060","�i�ێ�E�^�p�j�@�t�@�V���e�B�݌v�Z�p","S230060010","�t�@�V���e�B�}�l�W�����g�Z�p�������Z�@"
"�e�N�m���W","S230060","�i�ێ�E�^�p�j�@�t�@�V���e�B�݌v�Z�p","S230060020","���z�̊�b�m���ƌ��z�p���}�iCAD�j��b�m��"
"�e�N�m���W","S230060","�i�ێ�E�^�p�j�@�t�@�V���e�B�݌v�Z�p","S230060030","���΍�"
"�e�N�m���W","S230060","�i�ێ�E�^�p�j�@�t�@�V���e�B�݌v�Z�p","S230060040","�M�����A�p���A�ێ琫"
"�e�N�m���W","S230060","�i�ێ�E�^�p�j�@�t�@�V���e�B�݌v�Z�p","S230060050","�ϐk���S�m��"
"�e�N�m���W","S230060","�i�ێ�E�^�p�j�@�t�@�V���e�B�݌v�Z�p","S230060060","�����l�b�g���[�N�i�ʐM�l�b�g���[�N�j�̐݌v"
"�e�N�m���W","S230060","�i�ێ�E�^�p�j�@�t�@�V���e�B�݌v�Z�p","S230060070","�h�Жh�Ɛݔ��݌v"
"�e�N�m���W","S230060","�i�ێ�E�^�p�j�@�t�@�V���e�B�݌v�Z�p","S230060080","�{�H�݌v�E�v��"
"�e�N�m���W","S230060","�i�ێ�E�^�p�j�@�t�@�V���e�B�݌v�Z�p","S230060090","�R�X�g�ώZ"
"�e�N�m���W","S230060","�i�ێ�E�^�p�j�@�t�@�V���e�B�݌v�Z�p","S230060100","�i���Ǘ��̒m��"
"�e�N�m���W","S230070","�i�ێ�E�^�p�j�@�T�|�[�g�Z���^�[��ՋZ�p","S230070010","�C���V�f���g�Ǘ��V�X�e��"
"�e�N�m���W","S230070","�i�ێ�E�^�p�j�@�T�|�[�g�Z���^�[��ՋZ�p","S230070020","�R�[���g���b�L���O�V�X�e��"
"�e�N�m���W","S230070","�i�ێ�E�^�p�j�@�T�|�[�g�Z���^�[��ՋZ�p","S230070030","�R���s���[�^�e���t�H�j�["
"�e�N�m���W","S240010","�i��@�\�v���j�@��@�\�v���i�p���A���\�E�g�����j","S240010010","��@�\�v���̊�b"
"�e�N�m���W","S240010","�i��@�\�v���j�@��@�\�v���i�p���A���\�E�g�����j","S240010020","���ו��U�Ɖp���̐݌v"
"�e�N�m���W","S240010","�i��@�\�v���j�@��@�\�v���i�p���A���\�E�g�����j","S240010030","�V�X�e���M�����A���\�݌v"
"�e�N�m���W","S240010","�i��@�\�v���j�@��@�\�v���i�p���A���\�E�g�����j","S240010040","���M�����V�X�e���̐݌v"
"�e�N�m���W","S240010","�i��@�\�v���j�@��@�\�v���i�p���A���\�E�g�����j","S240010050","�f�[�^�x�[�X�V�X�e���̐M�����݌v"
"�e�N�m���W","S240020","�i��@�\�v���j�@�Z�L�����e�B�̊�b�Z�p","S240020010","���Z�L�����e�B"
"�e�N�m���W","S240020","�i��@�\�v���j�@�Z�L�����e�B�̊�b�Z�p","S240020020","���ۏ؂Ə��Z�L�����e�B"
"�e�N�m���W","S240020","�i��@�\�v���j�@�Z�L�����e�B�̊�b�Z�p","S240020030","���ϗ��ƃZ�L�����e�B"
"�e�N�m���W","S240020","�i��@�\�v���j�@�Z�L�����e�B�̊�b�Z�p","S240020040","�Z�L�����e�B�E�A�[�L�e�N�`���Z�p"
"�e�N�m���W","S240020","�i��@�\�v���j�@�Z�L�����e�B�̊�b�Z�p","S240020050","�A�v���P�[�V�����Z�L�����e�B"
"�e�N�m���W","S240020","�i��@�\�v���j�@�Z�L�����e�B�̊�b�Z�p","S240020060","���v���b�g�t�H�[���̃Z�L�����e�B�Z�p"
"�e�N�m���W","S240020","�i��@�\�v���j�@�Z�L�����e�B�̊�b�Z�p","S240020070","�l�b�g���[�N�̃Z�L�����e�B���X�N"
"�e�N�m���W","S240020","�i��@�\�v���j�@�Z�L�����e�B�̊�b�Z�p","S240020080","�Í��Z�p"
"�e�N�m���W","S240020","�i��@�\�v���j�@�Z�L�����e�B�̊�b�Z�p","S240020090","�Z�L�����e�B�ƌl���"
"�e�N�m���W","S240020","�i��@�\�v���j�@�Z�L�����e�B�̊�b�Z�p","S240020100","�ۏ؁A�M�p�A�M���̃��J�j�Y��"
"�e�N�m���W","S240020","�i��@�\�v���j�@�Z�L�����e�B�̊�b�Z�p","S240020110","�Z�L�����e�B�Z�p�̗����Ɗ��p"
"�e�N�m���W","S240030","�i��@�\�v���j�@�Z�L�����e�B�̍\�z�Z�p","S240030010","�Z�L�����e�B���j�̍���"
"�e�N�m���W","S240030","�i��@�\�v���j�@�Z�L�����e�B�̍\�z�Z�p","S240030020","�Z�L�����e�B�΍��̍���"
"�e�N�m���W","S240030","�i��@�\�v���j�@�Z�L�����e�B�̍\�z�Z�p","S240030030","���Z�L�����e�B�΍�"
"�e�N�m���W","S240030","�i��@�\�v���j�@�Z�L�����e�B�̍\�z�Z�p","S240030040","�Z�L�����e�B�����Z�p"
"�e�N�m���W","S240030","�i��@�\�v���j�@�Z�L�����e�B�̍\�z�Z�p","S240030050","�Z�L�����e�B�V�X�e���̌v�����"
"�e�N�m���W","S240030","�i��@�\�v���j�@�Z�L�����e�B�̍\�z�Z�p","S240030060","�Z�L�����e�B�V�X�e���̗v����`"
"�e�N�m���W","S240030","�i��@�\�v���j�@�Z�L�����e�B�̍\�z�Z�p","S240030070","�Z�L�����e�B�V�X�e���̐݌v"
"�e�N�m���W","S240030","�i��@�\�v���j�@�Z�L�����e�B�̍\�z�Z�p","S240030080","�Z�L�����e�B�V�X�e���̎����A����"
"�e�N�m���W","S240030","�i��@�\�v���j�@�Z�L�����e�B�̍\�z�Z�p","S240030090","�R���s���[�^�E�t�H�����W�N�X�i�؋��ۑS�ǐՁj"
"�e�N�m���W","S240040","�i��@�\�v���j�@�Z�L�����e�B�̗��p�Z�p","S240040010","�Z�L�����e�B�V�X�e���̉^�p�Ǘ�"
"�e�N�m���W","S240040","�i��@�\�v���j�@�Z�L�����e�B�̗��p�Z�p","S240040020","�Z�L�����e�B�V�X�e�������x��"
"�e�N�m���W","S240040","�i��@�\�v���j�@�Z�L�����e�B�̗��p�Z�p","S240040030","�V�X�e���^�p�E�ێ�Z�p�i�Z�L�����e�B�j"
"�e�N�m���W","S240040","�i��@�\�v���j�@�Z�L�����e�B�̗��p�Z�p","S240040040","�Z�L�����e�B��Q�i��������/�C���V�f���g�j�Ǘ�"
"�e�N�m���W","S240040","�i��@�\�v���j�@�Z�L�����e�B�̗��p�Z�p","S240040050","���Z�L�����e�B�Ǘ�"
"�e�N�m���W","S240040","�i��@�\�v���j�@�Z�L�����e�B�̗��p�Z�p","S240040060","���Z�L�����e�B�č��̎��{�E�x��"
"�e�N�m���W","S240040","�i��@�\�v���j�@�Z�L�����e�B�̗��p�Z�p","S240040070","�Z�L�����e�B�Z�p�]��"
"�e�N�m���W","S240040","�i��@�\�v���j�@�Z�L�����e�B�̗��p�Z�p","S240040080","�Z�L�����e�B�̕���"
"�e�N�m���W","S240040","�i��@�\�v���j�@�Z�L�����e�B�̗��p�Z�p","S240040090","�Z�L�����e�B�̌������i�Z�L�����e�B�V�X�e���̕]���Ɖ��P�j"
"�e�N�m���W","S240040","�i��@�\�v���j�@�Z�L�����e�B�̗��p�Z�p","S240040100","�R���e���c�Z�L�����e�B�Z�p"
"�e�N�m���W","S250010","�i�g���݁E�v���E����j�@�g���݂̊�b�Z�p","S250010010","�l�b�g���[�N�^�g���݃V�X�e��"
"�e�N�m���W","S250010","�i�g���݁E�v���E����j�@�g���݂̊�b�Z�p","S250010020","�g���݂̊�b"
"�e�N�m���W","S250010","�i�g���݁E�v���E����j�@�g���݂̊�b�Z�p","S250010030","�g���݃v���O����"
"�e�N�m���W","S250010","�i�g���݁E�v���E����j�@�g���݂̊�b�Z�p","S250010040","�g���݃}�C�N���R���g���[��"
"�e�N�m���W","S250020","�i�g���݁E�v���E����j�@�g���݂̍\�z�Z�p","S250020010","�g���ݗp�A�[�L�e�N�`��"
"�e�N�m���W","S250030","�i�g���݁E�v���E����j�@�g���݂̗��p�Z�p","S250030010","�g���݉��p����̒m��"
"�e�N�m���W","S250040","�i�g���݁E�v���E����j�@�f�B�W�^���Z�p","S250040010","�f�B�W�^���M������"
"�e�N�m���W","S250040","�i�g���݁E�v���E����j�@�f�B�W�^���Z�p","S250040020","�f�B�W�^���_��"
"�e�N�m���W","S250040","�i�g���݁E�v���E����j�@�f�B�W�^���Z�p","S250040030","���̃f�B�W�^����"
"�e�N�m���W","S250050","�i�g���݁E�v���E����j�@�q���[�}���C���^�[�t�F�[�X�Z�p","S250050010","�C���^�t�F�[�X�݌v"
"�e�N�m���W","S250050","�i�g���݁E�v���E����j�@�q���[�}���C���^�[�t�F�[�X�Z�p","S250050020","�q���[�}���C���^�t�F�[�X�Z�p"
"�e�N�m���W","S250050","�i�g���݁E�v���E����j�@�q���[�}���C���^�[�t�F�[�X�Z�p","S250050030","�l�Ԍn����"
"�e�N�m���W","S250060","�i�g���݁E�v���E����j�@�}���`���f�B�A�Z�p","S250060010","�}���`���f�B�A���p"
"�e�N�m���W","S250060","�i�g���݁E�v���E����j�@�}���`���f�B�A�Z�p","S250060020","�}���`���f�B�A�Z�p"
"�e�N�m���W","S250070","�i�g���݁E�v���E����j�@�O���t�B�b�N�Z�p","S250070010","�O���t�B�b�N�X�Z�p"
"�e�N�m���W","S250080","�i�g���݁E�v���E����j�@�v���E����Z�p","S250080010","�v���E����Ɋւ��闝�_"
"�e�N�m���W","S250080","�i�g���݁E�v���E����j�@�v���E����Z�p","S250080020","�C���^�t�F�[�X�V�X�e���ƍ����M���V�X�e��"
"�e�N�m���W","S250080","�i�g���݁E�v���E����j�@�v���E����Z�p","S250080030","�Z���T�Z�p"
"�e�N�m���W","S250080","�i�g���݁E�v���E����j�@�v���E����Z�p","S250080040","�f�o�C�X�h���C�o"
"�e�N�m���W","S250080","�i�g���݁E�v���E����j�@�v���E����Z�p","S250080050","���s�J���i�n�[�h�E�F�A�C�\�t�g�E�F�A�j"
"�e�N�m���W","S260010","�i���ʋZ�p�j�@IT��b","S260010010","IT��b"
"�e�N�m���W","S260010","�i���ʋZ�p�j�@IT��b","S260010020","���U���w"
"�e�N�m���W","S260010","�i���ʋZ�p�j�@IT��b","S260010030","�_���w��b"
"�e�N�m���W","S260010","�i���ʋZ�p�j�@IT��b","S260010040","���p���w"
"�e�N�m���W","S260010","�i���ʋZ�p�j�@IT��b","S260010050","���Ɋւ��闝�_"
"�e�N�m���W","S260010","�i���ʋZ�p�j�@IT��b","S260010060","�ʐM�Ɋւ��闝�_"
"�e�N�m���W","S260010","�i���ʋZ�p�j�@IT��b","S260010070","��b�e�N�m���W"
"�e�N�m���W","S260010","�i���ʋZ�p�j�@IT��b","S260010080","������"
"�e�N�m���W","S260010","�i���ʋZ�p�j�@IT��b","S260010090","����Z�@"
"�e�N�m���W","S260010","�i���ʋZ�p�j�@IT��b","S260010100","�A���S���Y��"
"�e�N�m���W","S260010","�i���ʋZ�p�j�@IT��b","S260010110","�f�[�^�\��"
"�e�N�m���W","S260010","�i���ʋZ�p�j�@IT��b","S260010120","�f�[�^����"
"�e�N�m���W","S260010","�i���ʋZ�p�j�@IT��b","S260010130","�R���s���[�^��b"
"�e�N�m���W","S260010","�i���ʋZ�p�j�@IT��b","S260010140","�A�[�L�e�N�`���ƍ\��"
"�e�N�m���W","S260010","�i���ʋZ�p�j�@IT��b","S260010150","�R���s���[�^�V�X�e��"
"�e�N�m���W","S260010","�i���ʋZ�p�j�@IT��b","S260010160","�R���s���[�^�A�[�L�e�N�`��"
"�e�N�m���W","S260010","�i���ʋZ�p�j�@IT��b","S260010170","�R���s���[�^�V�X�e���̍\��"
"�e�N�m���W","S260010","�i���ʋZ�p�j�@IT��b","S260010180","�R���s���[�e�B���O�̗v�f�ƍ\��"
"�e�N�m���W","S260010","�i���ʋZ�p�j�@IT��b","S260010190","�R���s���[�^���e���V�[��u"
"�e�N�m���W","S260010","�i���ʋZ�p�j�@IT��b","S260010200","�o�X"
"�e�N�m���W","S260010","�i���ʋZ�p�j�@IT��b","S260010210","������"
"�e�N�m���W","S260010","�i���ʋZ�p�j�@IT��b","S260010220","�v���Z�b�T"
"�e�N�m���W","S260010","�i���ʋZ�p�j�@IT��b","S260010230","���o�̓f�o�C�X"
"�e�N�m���W","S260010","�i���ʋZ�p�j�@IT��b","S260010240","���o�͑��u"
"�e�N�m���W","S260010","�i���ʋZ�p�j�@IT��b","S260010250","�V�X�e���̍\��"
"�e�N�m���W","S260010","�i���ʋZ�p�j�@IT��b","S260010260","�V�X�e���̕]���w�W"
"�e�N�m���W","S260010","�i���ʋZ�p�j�@IT��b","S260010270","���V�X�e��"
"�e�N�m���W","S260010","�i���ʋZ�p�j�@IT��b","S260010280","���V�X�e���Ǘ�"
"�e�N�m���W","S260010","�i���ʋZ�p�j�@IT��b","S260010290","���ƃR�~���j�P�[�V����"
"�e�N�m���W","S260010","�i���ʋZ�p�j�@IT��b","S260010300","��d�̓R���s���[�e�B���O"
"�e�N�m���W","S260010","�i���ʋZ�p�j�@IT��b","S260010310","IT�ƊE�����̔c��"
"�e�N�m���W","S260010","�i���ʋZ�p�j�@IT��b","S260010320","�V�X�e���Ə��̊T�O"
"�e�N�m���W","S260010","�i���ʋZ�p�j�@IT��b","S260010330","�\�t�g�E�F�A�̂��߂̃G���W�j�A�����O�G�R�m�~�N�X"
"�e�N�m���W","S260010","�i���ʋZ�p�j�@IT��b","S260010340","���܂��܂ȏ��V�X�e���̊J��"
"�e�N�m���W","S260010","�i���ʋZ�p�j�@IT��b","S260010350","�֘A�Z�p�iIT�j�����̔c��"
"�e�N�m���W","S260010","�i���ʋZ�p�j�@IT��b","S260010360","�Љ�I���_�Ə��ϗ�"
"�e�N�m���W","S260020","�i���ʋZ�p�j�@�i���b�W�}�l�W�����g�Z�p","S260020010","FAQ"
"�e�N�m���W","S260020","�i���ʋZ�p�j�@�i���b�W�}�l�W�����g�Z�p","S260020020","�i���b�W�x�[�X"
"�e�N�m���W","S260020","�i���ʋZ�p�j�@�i���b�W�}�l�W�����g�Z�p","S260020030","�i���b�W�}�l�W�����g�̈Ӌ`"
"�e�N�m���W","S260020","�i���ʋZ�p�j�@�i���b�W�}�l�W�����g�Z�p","S260020040","�i���b�W�}�l�W�����g�V�X�e��"
"�֘A�m��","S310010","�r�W�l�X�C���_�X�g��","S310010010","�C���_�X�g���m��"
"�֘A�m��","S310010","�r�W�l�X�C���_�X�g��","S310010020","�G���W�j�A�����O�V�X�e��"
"�֘A�m��","S310010","�r�W�l�X�C���_�X�g��","S310010030","�r�W�l�X�V�X�e��"
"�֘A�m��","S310010","�r�W�l�X�C���_�X�g��","S310010040","�Y�Ƌ@��"
"�֘A�m��","S310010","�r�W�l�X�C���_�X�g��","S310010050","�����@��"
"�֘A�m��","S310020","��Ɗ���","S310020010","�o�c�E�g�D�_"
"�֘A�m��","S310020","��Ɗ���","S310020020","��v�E����"
"�֘A�m��","S310020","��Ɗ���","S310020030","OR�EIE"
"�֘A�m��","S310020","��Ɗ���","S310020040","�Z�p�҂̎Љ�I�ӔC�Ɨϗ�"
"�֘A�m��","S310020","��Ɗ���","S310020050","���Z�L�����e�B�č�"
"�֘A�m��","S310020","��Ɗ���","S310020060","�r�W�l�X�v���Z�X�}�l�W�����g"
"�֘A�m��","S310030","�@�K�E��E�W��","S310030010","�Z�L�����e�B�֘A�@�K"
"�֘A�m��","S310030","�@�K�E��E�W��","S310030020","���̑��̖@���E�K�C�h���C���E�Z�p�җϗ�"
"�֘A�m��","S310030","�@�K�E��E�W��","S310030030","�m�I���Y��"
"�֘A�m��","S310030","�@�K�E��E�W��","S310030040","�J���֘A�E����֘A�@�K"
"�֘A�m��","S310030","�@�K�E��E�W��","S310030050","�W�����֘A"
"IT�q���[�}���X�L��","S410010","�n����","S410010010","��蔭����"
"IT�q���[�}���X�L��","S410010","�n����","S410010020","��蕪�͗�"
"IT�q���[�}���X�L��","S410010","�n����","S410010030","�����ݒ��"
"IT�q���[�}���X�L��","S410010","�n����","S410010040","�_���v�l��"
"IT�q���[�}���X�L��","S410010","�n����","S410010050","�T�O����"
"IT�q���[�}���X�L��","S410020","���s�E���H��","S410020010","���՗�"
"IT�q���[�}���X�L��","S410020","���s�E���H��","S410020020","�[�k��"
"IT�q���[�}���X�L��","S410020","���s�E���H��","S410020030","�p���́@"
"IT�q���[�}���X�L��","S410020","���s�E���H��","S410020040","�v�V��"
"IT�q���[�}���X�L��","S410030","�R�~���j�P�[�V������","S410030010","����̍l���𗝉������"
"IT�q���[�}���X�L��","S410030","�R�~���j�P�[�V������","S410030020","�����̍l����`�����"
"IT�q���[�}���X�L��","S410030","�R�~���j�P�[�V������","S410030030","�������Ăԗ�"
